section,in_resume,title,institution,loc,start,end,description_1,description_2,description_3
education,TRUE,Master of Public Policy,Arizona State University School of Public Affairs,"Phoenix, AZ",2025,Expected 2027,"Coursework in program evaluation, public finance, and science and technology policy","Applied econometrics in R: fixed effects, DiD, IV/2SLS, interrupted time series",NA
education,TRUE,"B.S., Economics and B.S., Business",ASU W. P. Carey School of Business,"Tempe, AZ",2020,2024,NA,NA,NA
industry_positions,TRUE,Data Analyst,Desert Mountain Community Foundation,Arizona,2026,Current,"Built a donor management database in Excel covering 600+ donors and 1,000+ transactions",Maintain donor and gift records and produce reporting for foundation leadership,"Achieved an 88% open rate with a bounce rate under 1% and 0.6% unsubscribe rate; 77% of donors who opened
registered for the year's first scholarship fundraiser"
industry_positions,TRUE,Budget Analyst Intern,Arizona Governor's Office of Strategic Planning and Budgeting (OSPB),"Phoenix, AZ",2026,2026,"Analyzed H.R. 1 fiscal impacts on Arizona across tax conformity, Medicaid, SNAP, and renewable energy credits, with scenario modeling on tips and overtime exemptions",Built an Excel budget forecasting model for DCS using AFIS data with seasonal factors and burn-rate analysis,Wrote fiscal impact analyses for AHCCCS-related bills following OSPB formatting and sourcing rules
industry_positions,TRUE,Economics Tutor,Arizona State University,"Tempe, AZ",2026,Current,"Grade assignments and quizzes for 60 students in an undergraduate course on public service and American
democracy, writing feedback that shows students where their reasoning breaks down","Teach course material on the judicial system, explaining the structure of the courts and their role in American
government",NA
data_science_writings,TRUE,Strike-Everything Amendment Tracker,Personal project,R,2025,2025,Built an R tool that tracks Arizona strike-everything amendments,Sends automated email alerts with blastula and Windows Task Scheduler,NA
data_science_writings,TRUE,Impact Evaluation Design for RetailWorksAZ,ASU Program Evaluation,"Phoenix, AZ",2026,2026,Designed a quasi-experimental difference-in-differences evaluation,Used the Career Adapt-Abilities Scale as the primary outcome,NA
data_science_writings,TRUE,Tariff Effects on Arizona Import Prices,Personal project,Python,2026,2026,Forecast import prices for goods entering Arizona under different tariff scenarios using time series models in Python,Built scenario comparisons (baseline vs. higher tariffs) to estimate effects on consumer prices,NA
industry_positions,TRUE,Research Assistant (ASPIRATIONAL),Federal Reserve,"Washington, D.C.",2027,Expected 2029,FICTIONAL ENTRY: clean and analyze economic data for research economists,FICTIONAL ENTRY: build forecasting models and charts for policy briefings,NA
